date,indice_panier,var_annuelle_pct,annee
2007-01-01,77.59711965712332,,2007
2007-02-01,79.00145169831835,,2007
2007-03-01,80.6136696214077,,2007
2007-04-01,83.74570816089562,,2007
2007-05-01,84.7141416777356,,2007
2007-06-01,84.41489101139265,,2007
2007-07-01,85.86669803785506,,2007
2007-08-01,83.88673830871785,,2007
2007-09-01,87.57759074459511,,2007
2007-10-01,89.42045936279133,,2007
2007-11-01,89.16179851500311,,2007
2007-12-01,90.3474464953006,,2007
2008-01-01,93.70183700938155,20.754272095948668,2008
2008-02-01,96.30807249861242,21.90671238090991,2008
2008-03-01,96.98463481552862,20.307927019083948,2008
2008-04-01,99.20224629457907,18.45651374036712,2008
2008-05-01,100.74364372999842,18.921872706025034,2008
2008-06-01,104.93149938425444,24.304489559896325,2008
2008-07-01,113.98904011097694,32.75116280903676,2008
2008-08-01,112.04212867137383,33.56357742631406,2008
2008-09-01,119.44967085896894,36.392962906827655,2008
2008-10-01,116.20178471116478,29.949885674057942,2008
2008-11-01,107.15416424280184,20.17945580670535,2008
2008-12-01,108.20102366453662,19.761020218944058,2008
2009-01-01,112.97942839420138,20.573333458648978,2009
2009-02-01,112.32611940393176,16.63209167180677,2009
2009-03-01,111.66484415736589,15.1366341377271,2009
2009-04-01,104.06171025130827,4.898542259112881,2009
2009-05-01,102.2969490205766,1.5418394978259586,2009
2009-06-01,101.49512030948533,-3.2748784635062145,2009
2009-07-01,101.28325473322737,-11.146497387274723,2009
2009-08-01,98.39700317910352,-12.178566807037615,2009
2009-09-01,96.73954724648272,-19.012294842820843,2009
2009-10-01,89.45775766894234,-23.015160316769943,2009
2009-11-01,84.95096169980141,-20.72080231309531,2009
2009-12-01,85.09174792200153,-21.357723762561097,2009
2010-01-01,89.84607052093534,-20.47572571579177,2010
2010-02-01,89.84992683437383,-20.00976503846993,2010
2010-03-01,92.03582337761638,-17.578514462516893,2010
2010-04-01,92.26363052222031,-11.337580076856014,2010
2010-05-01,93.39623879186419,-8.700856001992852,2010
2010-06-01,93.92861881639219,-7.455039680746111,2010
2010-07-01,96.1580464324638,-5.06027211927873,2010
2010-08-01,95.18857010534703,-3.2607020235326356,2010
2010-09-01,93.1191897581144,-3.742375885990046,2010
2010-10-01,95.13296948453852,6.344013044233154,2010
2010-11-01,96.7386708975986,13.875898473583415,2010
2010-12-01,94.86524831039272,11.485838083088806,2010
2011-01-01,95.06796701806546,5.812047724350222,2011
2011-02-01,96.38797399084523,7.276630473526602,2011
2011-03-01,96.39800440144298,4.739655564256617,2011
2011-04-01,97.228277464236,5.380936035050166,2011
2011-05-01,99.13791099858028,6.147648214733303,2011
2011-06-01,100.03869920001371,6.50502526345591,2011
2011-07-01,100.31327547120016,4.321249435589114,2011
2011-08-01,100.71168025684322,5.802282926809044,2011
2011-09-01,90.8662686842501,-2.419395056718676,2011
2011-10-01,104.11854871500583,9.445284089368933,2011
2011-11-01,99.81437218107054,3.1793917106093916,2011
2011-12-01,101.37952054336762,6.866868899832146,2011
2012-01-01,104.73416450725827,10.167670344056035,2012
2012-02-01,106.09711961438029,10.072984441458676,2012
2012-03-01,108.81496373698987,12.880929862237922,2012
2012-04-01,106.10288897937697,9.127603354286883,2012
2012-05-01,101.36327200494301,2.2447124252946926,2012
2012-06-01,97.54291585888885,-2.4948178665686993,2012
2012-07-01,98.25262635005686,-2.054213773265645,2012
2012-08-01,101.61884843850848,0.9007576671858919,2012
2012-09-01,101.80752768379149,12.041056772740411,2012
2012-10-01,96.56287296869152,-7.2568008674379065,2012
2012-11-01,94.59000957282186,-5.234078514035345,2012
2012-12-01,93.46557326422159,-7.8062583416545595,2012
2013-01-01,106.60199050779825,1.7833970503584151,2013
2013-02-01,108.56206248635677,2.32328915331117,2013
2013-03-01,106.87140330364092,-1.7861150402499915,2013
2013-04-01,106.86421176854431,0.7175325728551174,2013
2013-05-01,104.9784652103772,3.566571139552277,2013
2013-06-01,104.3024057322599,6.929759905014232,2013
2013-07-01,103.76064336328591,5.605974331520613,2013
2013-08-01,102.79022658513207,1.1527173990093287,2013
2013-09-01,102.95452753174851,1.126635597634329,2013
2013-10-01,100.69130666753586,4.275384080776967,2013
2013-11-01,99.93210656778841,5.64763342248511,2013
2013-12-01,100.37246319794463,7.389768973221478,2013
2014-01-01,100.27256289884193,-5.9374384838464245,2014
2014-02-01,99.98886927209873,-7.897043421900218,2014
2014-03-01,99.99252059247877,-6.436598096890334,2014
2014-04-01,99.5066655092652,-6.884948793909329,2014
2014-05-01,100.10671512663086,-4.64071376351648,2014
2014-06-01,99.60369921418598,-4.504887960240644,2014
2014-07-01,100.27256289884193,-3.361660405508038,2014
2014-08-01,101.27390563444412,-1.4751606267081385,2014
2014-09-01,103.2635898180842,0.3001930014592036,2014
2014-10-01,104.14680058437794,3.4317698629649174,2014
2014-11-01,99.57092391248634,-0.3614280412042259,2014
2014-12-01,99.76169576910856,-0.6085009866018454,2014
2015-01-01,96.32643607286992,-3.935400384602694,2015
2015-02-01,96.81590473175845,-3.173317753704885,2015
2015-03-01,97.84554420063678,-2.147136984967135,2015
2015-04-01,100.63192186526221,1.130835155854193,2015
2015-05-01,100.75543859607455,0.6480319213582053,2015
2015-06-01,101.70818625906968,2.1128603269626067,2015
2015-07-01,101.43671966599342,1.1609923327938976,2015
2015-08-01,100.17009713820906,-1.0899238943339884,2015
2015-09-01,98.33850397360551,-4.769431174293903,2015
2015-10-01,97.38908695428036,-6.488642562401714,2015
2015-11-01,112.78608795735427,13.272111501629569,2015
2015-12-01,95.79607258488575,-3.9750960061875507,2015
2016-01-01,95.23813913481105,-1.1298008962312145,2016
2016-02-01,97.80677820295509,1.0234614590877156,2016
2016-03-01,96.34123899312338,-1.537428423341125,2016
2016-04-01,95.17546961292476,-5.422188259152194,2016
2016-05-01,97.71396841203209,-3.0186660158719847,2016
2016-06-01,97.73918695752847,-3.9023400647725914,2016
2016-07-01,98.70004469857135,-2.697913513403516,2016
2016-08-01,97.8002744437154,-2.3657985388832348,2016
2016-09-01,101.2956144666507,3.0070728896169685,2016
2016-10-01,103.00530593347176,5.766784713597284,2016
2016-11-01,101.62578412154903,-9.89510677950376,2016
2016-12-01,98.10059393194737,2.405653264145635,2016
2017-01-01,100.68284829823925,5.716941986572355,2017
2017-02-01,99.99838011361686,2.2407464502246066,2017
2017-03-01,103.4206524118844,7.348269020358278,2017
2017-04-01,101.37025390021226,6.5088034894720925,2017
2017-05-01,104.86919547329337,7.322624572046577,2017
2017-06-01,106.83174285964482,9.302876548448701,2017
2017-07-01,109.84494015635487,11.291682280205539,2017
2017-08-01,108.86371723772048,11.312281951082003,2017
2017-09-01,115.00900893551244,13.537994256776598,2017
2017-10-01,113.31653776648848,10.010389017898213,2017
2017-11-01,108.22018425135357,6.488904549968688,2017
2017-12-01,105.20515387079712,7.242117151480443,2017
2018-01-01,103.72673899258164,3.0232465070176406,2018
2018-02-01,100.78748239936246,0.7891150685131354,2018
2018-03-01,101.0233546352347,-2.3180068204387227,2018
2018-04-01,101.27001038893765,-0.098888487912141,2018
2018-05-01,100.93860790579934,-3.748085936727741,2018
2018-06-01,105.17294601840506,-1.5527190672336877,2018
2018-07-01,106.18782760734844,-3.3293409271294983,2018
2018-08-01,109.53261538583493,0.6144362557947591,2018
2018-09-01,112.88256553538628,-1.8489363744700227,2018
2018-10-01,108.10302626159393,-4.600839036962146,2018
2018-11-01,103.97803974410584,-3.9199198713198213,2018
2018-12-01,103.47500126274772,-1.6445511882185904,2018
2019-01-01,102.87679587889927,-0.8194059911043383,2019
2019-02-01,104.77821692289258,3.959553734775456,2019
2019-03-01,104.58952725059994,3.5300477085141724,2019
2019-04-01,106.05028686625985,4.720327823570947,2019
2019-05-01,107.51891700618734,6.519120123520072,2019
2019-06-01,108.98754714611482,3.626979439220257,2019
2019-07-01,108.04407482231196,1.748079094175825,2019
2019-08-01,111.23578271749435,1.5549408052203617,2019
2019-09-01,112.4920140235761,-0.3459803646008952,2019
2019-10-01,111.7143470245731,3.340628738958973,2019
2019-11-01,108.25373974019008,4.1121182959468205,2019
2019-12-01,110.770950798158,7.0509296413383105,2019
2020-01-01,113.29030397591939,10.122309902884519,2020
2020-02-01,114.10512459412467,8.90157128565745,2020
2020-03-01,115.23720006582278,10.180438802166748,2020
2020-04-01,110.47512831184025,4.172399317656317,2020
2020-05-01,121.06116006780526,12.59521899838203,2020
2020-06-01,118.19351496794779,8.446807055388561,2020
2020-07-01,116.5831621794818,7.903337014281564,2020
2020-08-01,118.4775593814553,6.510294158088414,2020
2020-09-01,120.86482902477265,7.443030577656629,2020
2020-10-01,120.07605707968685,7.484902591136722,2020
2020-11-01,116.34143453223487,7.4710534818061,2020
2020-12-01,116.34143453223487,5.0288308387161695,2020
2021-01-01,113.25552106708027,-0.030702458743969707,2021
2021-02-01,113.23146309767007,-0.7656636803668904,2021
2021-03-01,115.23720006582278,0.0,2021
2021-04-01,113.45367692031826,2.6961259552198857,2021
2021-05-01,115.40420935683497,-4.6728039842026,2021
2021-06-01,114.65565728014963,-2.993275636787329,2021
2021-07-01,114.46154727484895,-1.8198296091562427,2021
2021-08-01,118.02742070597091,-0.3799358104897288,2021
2021-09-01,125.03603514999412,3.451133103714188,2021
2021-10-01,122.32056069055818,1.8692349378042872,2021
2021-11-01,123.39296732336368,6.061067425788891,2021
2021-12-01,122.45734709665655,5.256865354128948,2021
2022-01-01,122.87371928900173,8.492476244248337,2022
2022-02-01,125.53465106328679,10.865520615064694,2022
2022-03-01,129.0377900111867,11.975811576019812,2022
2022-04-01,133.49395764769704,17.663844197357868,2022
2022-05-01,143.04620173116086,23.952325940603792,2022
2022-06-01,151.45124992933398,32.09226088101176,2022
2022-07-01,153.16471780491366,33.813251219756225,2022
2022-08-01,159.31522322158284,34.98153417964443,2022
2022-09-01,159.6593863405611,27.690698244736044,2022
2022-10-01,177.9610316230307,45.48742306146685,2022
2022-11-01,156.30271469249672,26.670683170208353,2022
2022-12-01,157.6526772264497,28.74088894152933,2022
2023-01-01,160.59223590889295,30.69697640646527,2023
2023-02-01,160.05322109136927,27.4972445740741,2023
2023-03-01,163.58200288401508,26.770617250832984,2023
2023-04-01,160.5909759647728,20.298310720989576,2023
2023-05-01,160.5909759647728,12.265110168101746,2023
2023-06-01,158.79761975734758,4.850649850325661,2023
2023-07-01,163.58200288401508,6.801360801885159,2023
2023-08-01,163.58200288401508,2.6781995945847736,2023
2023-09-01,160.66742910169455,0.6313708102217319,2023
2023-10-01,154.35458992927485,-13.26494990417938,2023
2023-11-01,151.43903470814578,-3.111705381393748,2023
2023-12-01,146.50457351379455,-7.071306310036329,2023
2024-01-01,148.70429058881396,-7.402565418432339,2024
2024-02-01,156.16914116751437,-2.426742740552279,2024
2024-03-01,158.1691524147358,-3.3089523137317056,2024
2024-04-01,157.68376827232274,-1.810318216814244,2024
2024-05-01,156.79016510328933,-2.3667649060911344,2024
2024-06-01,157.4841498925326,-0.827134478981506,2024
2024-07-01,156.13889229150087,-4.550079141524888,2024
2024-08-01,153.1781142482721,-6.3600447801826165,2024
2024-09-01,154.13272297418936,-4.067225176901934,2024
2024-10-01,150.9024139014077,-2.2365230793907287,2024
2024-11-01,148.1781339111897,-2.1532762693849183,2024
2024-12-01,147.86400689564633,0.9279119069438346,2024
2025-01-01,144.2337582101503,-3.0063237321277025,2025
2025-02-01,145.95098458358459,-6.543006196703938,2025
2025-03-01,143.69600333674677,-9.1504246289687,2025
2025-04-01,146.70465991838705,-6.962738444311256,2025
2025-05-01,137.01733390719266,-12.611014972189627,2025
2025-06-01,136.80771873630667,-13.12921406397759,2025
2025-07-01,141.57298750233477,-9.32881268426865,2025
2025-08-01,141.23795500771493,-7.794951190745481,2025
2025-09-01,141.979549555302,-7.884875569818172,2025
2025-10-01,144.26226953339147,-4.4002903574190455,2025
2025-11-01,142.38238167390656,-3.911341089473297,2025
2025-12-01,135.04906608698317,-8.666707387219109,2025
2026-01-01,128.6983614550206,-10.770985203404637,2026
2026-02-01,129.13041531428243,-11.524806987286329,2026
2026-03-01,127.84238329048662,-11.032749469800995,2026
